{"cameraMode":{"drawMode":0,"name":"Shaded","section":"Shading Mode"},"sceneLighting":true,"audioPlay":false,"sceneViewState":{"m_AlwaysRefresh":false,"showFog":true,"showSkybox":true,"showFlares":true,"showImageEffects":true,"showParticleSystems":true,"showVisualEffectGraphs":true,"m_FxEnabled":true},"in2DMode":false,"pivot":{"x":-0.10295486450195313,"y":0.12249970436096192,"z":0.020966529846191407},"rotation":{"x":-0.08911620825529099,"y":0.895368754863739,"z":-0.2080487459897995,"w":-0.3835251033306122},"size":6.332034111022949,"orthographic":false}